{"cameraMode":{"drawMode":0,"name":"Shaded","section":"Shading Mode"},"sceneLighting":true,"audioPlay":false,"sceneViewState":{"showFog":true,"showMaterialUpdate":false,"showSkybox":true,"showFlares":true,"showImageEffects":true,"showParticleSystems":true},"in2DMode":false,"pivot":{"x":3.0060625076293947,"y":-8.195175170898438,"z":-0.09107470512390137},"rotation":{"x":0.061109770089387897,"y":-0.03714052960276604,"z":-0.002275776583701372,"w":-0.9974372386932373},"size":3.6850244998931886,"orthographic":false}